id,org_id,category,platform,handle,captured_at,followers,posts_total,posts_30d,posts_90d,last_post_at,avg_views,avg_likes,avg_comments,engagement_rate,source,raw_json,name_ko,name_en,category_meta,category_label,activity_score,days_since_last_post,efficiency,tier,multi_platform_count,multi_platform_score
1656,acrc,commissions,blog,https://blog.naver.com/loveacrc,2026-05-04 12:00:00+00:00,26305,239,5,18,2026-05-03 12:00:00+00:00,1989.835388682415,14.33015919527626,0.8463005745495442,0.0005769420174805476,demo,"{""demo"": true}",국민권익위원회,Anti-Corruption and Civil Rights Commission,commissions,위원회,48.9,0,5.769420174805476,저조,4,80.0
1655,acrc,commissions,facebook,acrckorea,2026-05-04 12:00:00+00:00,178050,278,6,37,2026-04-16 12:00:00+00:00,1809.4100638077825,37.8822020441012,8.466302478326837,0.0002603117355935301,demo,"{""demo"": true}",국민권익위원회,Anti-Corruption and Civil Rights Commission,commissions,위원회,54.4,17,2.603117355935301,보통,4,80.0
1654,acrc,commissions,instagram,acrc_korea,2026-05-04 12:00:00+00:00,53957,236,7,37,2026-04-26 12:00:00+00:00,967.8492285196722,7.4298304704740445,7.93159882068358,0.00028469761645676415,demo,"{""demo"": true}",국민권익위원회,Anti-Corruption and Civil Rights Commission,commissions,위원회,61.1,7,2.8469761645676415,보통,4,80.0
1653,acrc,commissions,youtube,@acrckorea,2026-05-04 12:00:00+00:00,52709,290,12,22,2026-04-22 12:00:00+00:00,1506.675126941649,38.71286933396169,2.4203525725396067,0.0007803832724297805,demo,"{""demo"": true}",국민권익위원회,Anti-Corruption and Civil Rights Commission,commissions,위원회,71.3,11,7.803832724297805,보통,4,80.0
944,customs,agencies,blog,https://blog.naver.com/k_customs,2026-05-04 12:00:00+00:00,190402,212,4,25,2026-04-17 12:00:00+00:00,4066.459827217417,16.290752700133936,5.046949506389466,0.00011206658651969729,demo,"{""demo"": true}",관세청,Korea Customs Service,agencies,청,44.7,16,1.120665865196973,저조,4,80.0
943,customs,agencies,facebook,koreacustomsservice,2026-05-04 12:00:00+00:00,162815,376,6,36,2026-04-18 12:00:00+00:00,2511.7188154487603,41.878988008350255,0.5958615972615471,0.00026087798793484506,demo,"{""demo"": true}",관세청,Korea Customs Service,agencies,청,55.1,15,2.6087798793484507,보통,4,80.0
942,customs,agencies,instagram,korea.customs,2026-05-04 12:00:00+00:00,74222,278,10,21,2026-04-15 12:00:00+00:00,1702.083840581846,52.38794647827783,5.315277159210803,0.000777440969490025,demo,"{""demo"": true}",관세청,Korea Customs Service,agencies,청,61.6,18,7.77440969490025,보통,4,80.0
941,customs,agencies,youtube,@customs_kr,2026-05-04 12:00:00+00:00,120474,210,11,37,2026-05-04 12:00:00+00:00,3715.2119439764083,45.74420589200177,12.115807753004491,0.00048026971500079904,demo,"{""demo"": true}",관세청,Korea Customs Service,agencies,청,77.2,-1,4.80269715000799,우수,4,80.0
1112,dapa,agencies,blog,https://blog.naver.com/dapapr,2026-05-04 12:00:00+00:00,196573,104,4,5,2026-04-24 12:00:00+00:00,407.9362106872644,51.48309652339619,4.010270110034373,0.0002823041141633417,demo,"{""demo"": true}",방위사업청,Defense Acquisition Program Administration,agencies,청,33.8,9,2.823041141633417,저조,4,80.0
1111,dapa,agencies,facebook,dapakorea,2026-05-04 12:00:00+00:00,63503,338,10,30,2026-05-04 12:00:00+00:00,1205.5772162427638,62.68311516052271,6.921199974897225,0.0010960791637469086,demo,"{""demo"": true}",방위사업청,Defense Acquisition Program Administration,agencies,청,74.1,-1,10.960791637469086,보통,4,80.0
1110,dapa,agencies,instagram,dapa_korea,2026-05-04 12:00:00+00:00,58171,261,6,25,2026-04-21 12:00:00+00:00,2299.4213353811624,38.88434638141035,4.084656527955613,0.0007386670834155502,demo,"{""demo"": true}",방위사업청,Defense Acquisition Program Administration,agencies,청,53.0,12,7.3866708341555025,보통,4,80.0
1109,dapa,agencies,youtube,@dapa_korea,2026-05-04 12:00:00+00:00,81093,304,4,37,2026-04-18 12:00:00+00:00,2528.3161056877075,31.50538577145758,5.844158828607387,0.0004605766786290428,demo,"{""demo"": true}",방위사업청,Defense Acquisition Program Administration,agencies,청,48.5,15,4.605766786290428,저조,4,80.0
1304,forest,agencies,blog,https://blog.naver.com/foa2010,2026-05-04 12:00:00+00:00,69654,284,7,21,2026-04-26 12:00:00+00:00,1312.0364171640513,38.07792131003035,6.454750946497243,0.0006393412044753724,demo,"{""demo"": true}",산림청,Korea Forest Service,agencies,청,55.3,7,6.393412044753724,보통,4,80.0
1303,forest,agencies,facebook,kfs.korea,2026-05-04 12:00:00+00:00,22125,153,7,18,2026-04-21 12:00:00+00:00,3126.304485255696,34.337159305918995,8.354932766385266,0.0019295860823640345,demo,"{""demo"": true}",산림청,Korea Forest Service,agencies,청,52.1,12,19.295860823640346,보통,4,80.0
1302,forest,agencies,instagram,korea_forest_service,2026-05-04 12:00:00+00:00,64357,209,1,20,2026-04-24 12:00:00+00:00,4884.548781258803,42.55104422189821,9.502065799690964,0.0008088181553147159,demo,"{""demo"": true}",산림청,Korea Forest Service,agencies,청,34.0,9,8.088181553147159,저조,4,80.0
1301,forest,agencies,youtube,@forestkorea1967,2026-05-04 12:00:00+00:00,156649,147,10,23,2026-05-04 12:00:00+00:00,862.1557450755736,47.3734911440381,5.911858836357325,0.0003401576133929704,demo,"{""demo"": true}",산림청,Korea Forest Service,agencies,청,69.1,-1,3.401576133929704,보통,4,80.0
1624,fsc,commissions,blog,https://blog.naver.com/blogfsc,2026-05-04 12:00:00+00:00,184025,136,8,27,2026-05-02 12:00:00+00:00,1628.018497207587,30.125816283037953,5.8596485434709455,0.00019554660957211734,demo,"{""demo"": true}",금융위원회,Financial Services Commission,commissions,위원회,64.4,1,1.9554660957211734,보통,5,100.0
1623,fsc,commissions,facebook,fsc.korea,2026-05-04 12:00:00+00:00,153011,167,5,25,2026-04-30 12:00:00+00:00,2669.4544248573407,23.998811669316986,9.354418790888356,0.00021797929861386005,demo,"{""demo"": true}",금융위원회,Financial Services Commission,commissions,위원회,52.4,3,2.1797929861386005,보통,5,100.0
1621,fsc,commissions,instagram,fsc.korea,2026-05-04 12:00:00+00:00,181091,291,10,25,2026-04-16 12:00:00+00:00,913.1337955105023,21.557292229087075,10.657177704444294,0.00017789105992860698,demo,"{""demo"": true}",금융위원회,Financial Services Commission,commissions,위원회,64.4,17,1.7789105992860699,보통,5,100.0
1622,fsc,commissions,x,fsc_korea,2026-05-04 12:00:00+00:00,197229,317,6,37,2026-04-23 12:00:00+00:00,3062.137132369525,56.05666422100809,0.0,0.0002842212059129646,demo,"{""demo"": true}",금융위원회,Financial Services Commission,commissions,위원회,56.8,10,2.842212059129646,보통,5,100.0
1620,fsc,commissions,youtube,@fsckorea,2026-05-04 12:00:00+00:00,131960,155,7,16,2026-04-21 12:00:00+00:00,3627.7206697885244,26.460010168491948,6.487226396465661,0.0002496759363819158,demo,"{""demo"": true}",금융위원회,Financial Services Commission,commissions,위원회,50.1,12,2.496759363819158,보통,5,100.0
1584,ftc,commissions,blog,https://blog.naver.com/ftc_news,2026-05-04 12:00:00+00:00,90220,214,10,17,2026-04-29 12:00:00+00:00,1743.152103967438,41.35450161429308,6.161632373826025,0.0005266696296621493,demo,"{""demo"": true}",공정거래위원회,Korea Fair Trade Commission,commissions,위원회,63.5,4,5.266696296621492,보통,4,80.0
1583,ftc,commissions,facebook,ftckorea,2026-05-04 12:00:00+00:00,61087,159,6,26,2026-04-13 12:00:00+00:00,4845.3539135548,50.54644252283143,6.836253533178657,0.0009393601921196012,demo,"{""demo"": true}",공정거래위원회,Korea Fair Trade Commission,commissions,위원회,51.0,20,9.393601921196012,보통,4,80.0
1582,ftc,commissions,instagram,ftc_korea,2026-05-04 12:00:00+00:00,166619,298,11,37,2026-05-01 12:00:00+00:00,4455.510808662349,67.62333138814711,2.65364567350961,0.0004217824921626989,demo,"{""demo"": true}",공정거래위원회,Korea Fair Trade Commission,commissions,위원회,76.2,2,4.217824921626989,우수,4,80.0
1581,ftc,commissions,youtube,@ftc_korea,2026-05-04 12:00:00+00:00,12032,297,9,22,2026-04-21 12:00:00+00:00,2279.640917870254,30.339849880071597,12.146745614897625,0.0035311332691962453,demo,"{""demo"": true}",공정거래위원회,Korea Fair Trade Commission,commissions,위원회,62.1,12,35.311332691962455,보통,4,80.0
1552,kcc,commissions,blog,https://blog.naver.com/kcc1335,2026-05-04 12:00:00+00:00,21899,275,13,37,2026-04-13 12:00:00+00:00,2748.162637053166,39.12254245072475,7.310958332130745,0.0021203479968425728,demo,"{""demo"": true}",방송통신위원회,Korea Communications Commission,commissions,위원회,74.2,20,21.20347996842573,보통,4,80.0
1551,kcc,commissions,facebook,kcc.korea,2026-05-04 12:00:00+00:00,139492,316,13,35,2026-05-03 12:00:00+00:00,3615.0527143252407,56.86232146350203,1.964752927822409,0.00042172364287073406,demo,"{""demo"": true}",방송통신위원회,Korea Communications Commission,commissions,위원회,80.2,0,4.2172364287073405,우수,4,80.0
1550,kcc,commissions,instagram,kcc_kr,2026-05-04 12:00:00+00:00,66339,254,11,39,2026-05-03 12:00:00+00:00,660.7881583835488,56.741681341531496,8.318621371782221,0.0009807248031069766,demo,"{""demo"": true}",방송통신위원회,Korea Communications Commission,commissions,위원회,77.1,0,9.807248031069767,우수,4,80.0
1549,kcc,commissions,youtube,@kcckorea,2026-05-04 12:00:00+00:00,18706,166,5,20,2026-04-26 12:00:00+00:00,4358.3713212993125,51.5866143767192,5.739727149944807,0.0030645964677998502,demo,"{""demo"": true}",방송통신위원회,Korea Communications Commission,commissions,위원회,48.9,7,30.645964677998503,저조,4,80.0
1520,kcg,agencies,blog,https://blog.naver.com/kcgpr,2026-05-04 12:00:00+00:00,182093,418,10,45,2026-04-24 12:00:00+00:00,3350.347023981554,52.58843249484152,5.739284801534462,0.0003203182840437358,demo,"{""demo"": true}",해양경찰청,Korea Coast Guard,agencies,청,70.5,9,3.203182840437358,보통,4,80.0
1519,kcg,agencies,facebook,kcgkorea,2026-05-04 12:00:00+00:00,79458,136,0,10,2026-05-03 12:00:00+00:00,2164.8879168802305,68.9777427489797,4.587298888380104,0.0009258355563613456,demo,"{""demo"": true}",해양경찰청,Korea Coast Guard,agencies,청,27.0,0,9.258355563613456,저조,4,80.0
1518,kcg,agencies,instagram,korea_coast_guard,2026-05-04 12:00:00+00:00,15891,278,2,20,2026-04-17 12:00:00+00:00,4469.861045057213,29.41459746833683,8.851142253285369,0.002408013323366824,demo,"{""demo"": true}",해양경찰청,Korea Coast Guard,agencies,청,35.6,16,24.08013323366824,저조,4,80.0
1517,kcg,agencies,youtube,@kcg_official,2026-05-04 12:00:00+00:00,22325,317,2,34,2026-04-17 12:00:00+00:00,1282.8521622766293,49.02025561321157,7.07007831073385,0.0025124449685977788,demo,"{""demo"": true}",해양경찰청,Korea Coast Guard,agencies,청,42.3,16,25.124449685977787,저조,4,80.0
1384,kdca,agencies,blog,https://blog.naver.com/korea_cdc,2026-05-04 12:00:00+00:00,43776,229,9,35,2026-04-19 12:00:00+00:00,3541.225108744914,12.446887802578985,14.186596419884639,0.0006084037879765995,demo,"{""demo"": true}",질병관리청,Korea Disease Control and Prevention Agency,agencies,청,65.6,14,6.0840378797659955,보통,5,100.0
1383,kdca,agencies,facebook,kdca.kr,2026-05-04 12:00:00+00:00,1118,181,0,16,2026-05-01 12:00:00+00:00,3864.2615871299845,49.76098638308828,6.197659897722993,0.05005245642290811,demo,"{""demo"": true}",질병관리청,Korea Disease Control and Prevention Agency,agencies,청,50.0,2,500.52456422908114,저조,5,100.0
1381,kdca,agencies,instagram,kdca_kr,2026-05-04 12:00:00+00:00,185223,120,6,16,2026-04-22 12:00:00+00:00,2893.6552588378936,45.32447462596774,6.168283722348976,0.0002780041266382507,demo,"{""demo"": true}",질병관리청,Korea Disease Control and Prevention Agency,agencies,청,47.1,11,2.780041266382507,저조,5,100.0
1382,kdca,agencies,x,KoreaCDC,2026-05-04 12:00:00+00:00,20332,239,9,24,2026-04-23 12:00:00+00:00,2395.5946203185163,60.922724164165274,1.8282425876565869,0.0030863155002863398,demo,"{""demo"": true}",질병관리청,Korea Disease Control and Prevention Agency,agencies,청,63.9,10,30.863155002863397,보통,5,100.0
1380,kdca,agencies,youtube,@kdca_official,2026-05-04 12:00:00+00:00,77472,279,16,18,2026-05-03 12:00:00+00:00,3973.8941274553704,93.1043910900278,7.1886055671352835,0.0012945708986106346,demo,"{""demo"": true}",질병관리청,Korea Disease Control and Prevention Agency,agencies,청,72.5,0,12.945708986106345,보통,5,100.0
1240,khs,agencies,blog,https://blog.naver.com/chagov,2026-05-04 12:00:00+00:00,164392,283,11,30,2026-04-30 12:00:00+00:00,3352.3396108145,20.049480891880023,8.393388370574508,0.000173018573059848,demo,"{""demo"": true}",국가유산청,Korea Heritage Service,agencies,청,75.7,3,1.7301857305984798,우수,4,80.0
1239,khs,agencies,facebook,koreaheritageservice,2026-05-04 12:00:00+00:00,103279,198,13,30,2026-04-17 12:00:00+00:00,4250.881123557039,47.148457939006285,5.011308857517449,0.0005050374887104226,demo,"{""demo"": true}",국가유산청,Korea Heritage Service,agencies,청,74.9,16,5.050374887104225,보통,4,80.0
1238,khs,agencies,instagram,korea_heritage_service,2026-05-04 12:00:00+00:00,9261,72,7,8,2026-04-23 12:00:00+00:00,4281.318514313729,39.66403371857449,3.510372092369588,0.004661959379218667,demo,"{""demo"": true}",국가유산청,Korea Heritage Service,agencies,청,47.2,10,46.61959379218667,저조,4,80.0
1237,khs,agencies,youtube,@khs_korea,2026-05-04 12:00:00+00:00,137310,128,12,20,2026-05-02 12:00:00+00:00,536.7831913170622,41.64057432922333,6.467139285715969,0.0003503584124604129,demo,"{""demo"": true}",국가유산청,Korea Heritage Service,agencies,청,73.1,1,3.503584124604129,보통,4,80.0
1344,kipo,agencies,blog,https://blog.naver.com/kipoworld2,2026-05-04 12:00:00+00:00,29456,269,5,20,2026-04-19 12:00:00+00:00,1908.6512429350687,51.27488466253922,3.3172929184644113,0.001853346604461014,demo,"{""demo"": true}",특허청,Korean Intellectual Property Office,agencies,청,46.1,14,18.53346604461014,저조,5,100.0
1343,kipo,agencies,facebook,kipokorea,2026-05-04 12:00:00+00:00,213031,360,10,38,2026-04-30 12:00:00+00:00,3467.0875167672516,15.550042711957328,2.349064350761139,8.40211380630916e-05,demo,"{""demo"": true}",특허청,Korean Intellectual Property Office,agencies,청,72.4,3,0.840211380630916,보통,5,100.0
1341,kipo,agencies,instagram,kipo_korea,2026-05-04 12:00:00+00:00,55354,71,6,9,2026-04-27 12:00:00+00:00,4786.68579223499,0.0,5.471744071150395,9.88500211574664e-05,demo,"{""demo"": true}",특허청,Korean Intellectual Property Office,agencies,청,44.0,6,0.988500211574664,저조,5,100.0
1342,kipo,agencies,x,kipokorea,2026-05-04 12:00:00+00:00,124317,161,7,30,2026-05-02 12:00:00+00:00,3062.0812717110252,30.503969542930555,7.4531866635763375,0.0003053255484487793,demo,"{""demo"": true}",특허청,Korean Intellectual Property Office,agencies,청,63.1,1,3.053255484487793,보통,5,100.0
1340,kipo,agencies,youtube,@kipokorea,2026-05-04 12:00:00+00:00,123291,243,5,29,2026-04-13 12:00:00+00:00,3465.1548127285923,29.6425352532616,11.590441272938664,0.0003344362242677913,demo,"{""demo"": true}",특허청,Korean Intellectual Property Office,agencies,청,49.5,20,3.344362242677913,저조,5,100.0
1424,kma,agencies,blog,https://blog.naver.com/kma_131,2026-05-04 12:00:00+00:00,11232,256,9,41,2026-04-19 12:00:00+00:00,4770.823868741484,54.66997439179343,4.126331663739285,0.005234713858220505,demo,"{""demo"": true}",기상청,Korea Meteorological Administration,agencies,청,67.4,14,52.347138582205055,보통,5,100.0
1423,kma,agencies,facebook,kmaweather,2026-05-04 12:00:00+00:00,119947,127,5,24,2026-04-28 12:00:00+00:00,1704.9446678084776,46.618156556326774,3.9003566753231484,0.0004211736286163882,demo,"{""demo"": true}",기상청,Korea Meteorological Administration,agencies,청,51.2,5,4.211736286163882,보통,5,100.0
1421,kma,agencies,instagram,kma_sky,2026-05-04 12:00:00+00:00,34691,363,18,42,2026-04-15 12:00:00+00:00,2777.7655811948425,62.98613629585246,4.864304700427836,0.0019558514022737974,demo,"{""demo"": true}",기상청,Korea Meteorological Administration,agencies,청,74.8,18,19.558514022737974,보통,5,100.0
1422,kma,agencies,x,kma_sky,2026-05-04 12:00:00+00:00,72776,347,11,42,2026-05-04 12:00:00+00:00,212.88705794643658,51.72331045054076,4.125924666908544,0.0007674128162780216,demo,"{""demo"": true}",기상청,Korea Meteorological Administration,agencies,청,77.3,-1,7.6741281627802165,우수,5,100.0
1420,kma,agencies,youtube,@weatherkma,2026-05-04 12:00:00+00:00,133105,276,8,23,2026-04-16 12:00:00+00:00,3072.6088090879,52.523288609405725,5.119847278349293,0.00043306514321591986,demo,"{""demo"": true}",기상청,Korea Meteorological Administration,agencies,청,56.5,17,4.330651432159199,보통,5,100.0
1016,kostat,agencies,blog,https://blog.naver.com/hi_nso,2026-05-04 12:00:00+00:00,74313,226,6,23,2026-04-29 12:00:00+00:00,3190.3626567682904,23.058409278671345,6.344773570469208,0.0003956667453761866,demo,"{""demo"": true}",통계청,Statistics Korea,agencies,청,54.2,4,3.956667453761866,보통,5,100.0
1015,kostat,agencies,facebook,hi.kostat,2026-05-04 12:00:00+00:00,65156,171,4,10,2026-04-22 12:00:00+00:00,1415.5490775330336,16.876621002263647,4.723662363382295,0.0003315164123894337,demo,"{""demo"": true}",통계청,Statistics Korea,agencies,청,36.5,11,3.3151641238943372,저조,5,100.0
1013,kostat,agencies,instagram,hi_kostat,2026-05-04 12:00:00+00:00,185058,219,9,36,2026-04-14 12:00:00+00:00,690.9497221028702,16.39178474562991,7.492270561103973,0.00012906253880801632,demo,"{""demo"": true}",통계청,Statistics Korea,agencies,청,63.7,19,1.2906253880801632,보통,5,100.0
1014,kostat,agencies,x,hi_kostat,2026-05-04 12:00:00+00:00,201366,269,3,23,2026-04-13 12:00:00+00:00,743.3046755143765,45.975037961070214,2.5754350933484123,0.00024110561392895835,demo,"{""demo"": true}",통계청,Statistics Korea,agencies,청,38.8,20,2.4110561392895833,저조,5,100.0
1012,kostat,agencies,youtube,@hi_kostat,2026-05-04 12:00:00+00:00,15772,172,5,30,2026-04-22 12:00:00+00:00,200.50897580753667,62.63864880077991,11.988366596550808,0.00473161396128143,demo,"{""demo"": true}",통계청,Statistics Korea,agencies,청,54.9,11,47.316139612814304,보통,5,100.0
1456,macc,agencies,blog,https://blog.naver.com/happymaac,2026-05-04 12:00:00+00:00,180998,347,5,32,2026-04-22 12:00:00+00:00,4647.297798623763,35.66039487143192,5.695098593849372,0.0002284859140171786,demo,"{""demo"": true}",행정중심복합도시건설청,Multifunctional Administrative City Construction Agency,agencies,청,53.1,11,2.284859140171786,보통,4,80.0
1455,macc,agencies,facebook,macckorea,2026-05-04 12:00:00+00:00,152749,313,11,37,2026-04-22 12:00:00+00:00,2211.157274908136,31.576062768888207,6.641181434886165,0.00025019636268502167,demo,"{""demo"": true}",행정중심복합도시건설청,Multifunctional Administrative City Construction Agency,agencies,청,73.1,11,2.5019636268502166,보통,4,80.0
1454,macc,agencies,instagram,macc_kr,2026-05-04 12:00:00+00:00,204619,275,12,32,2026-04-18 12:00:00+00:00,1824.5884373883584,37.6096093083467,8.392998844542515,0.00022482080428938274,demo,"{""demo"": true}",행정중심복합도시건설청,Multifunctional Administrative City Construction Agency,agencies,청,75.1,15,2.2482080428938276,우수,4,80.0
1453,macc,agencies,youtube,@macckorea,2026-05-04 12:00:00+00:00,93398,390,5,40,2026-05-01 12:00:00+00:00,639.9759700801673,33.27133532974333,3.6400910745054706,0.0003952057474919035,demo,"{""demo"": true}",행정중심복합도시건설청,Multifunctional Administrative City Construction Agency,agencies,청,56.2,2,3.9520574749190347,보통,4,80.0
424,mafra,ministries,blog,https://blog.naver.com/mafrakr,2026-05-04 12:00:00+00:00,20242,272,10,31,2026-04-23 12:00:00+00:00,4875.31847182443,51.65887620720586,2.444128559624842,0.0026728092464593767,demo,"{""demo"": true}",농림축산식품부,"Ministry of Agriculture, Food and Rural Affairs",ministries,부,71.1,10,26.728092464593768,보통,4,80.0
423,mafra,ministries,facebook,korea.mafra,2026-05-04 12:00:00+00:00,136420,337,12,31,2026-04-30 12:00:00+00:00,1471.143827258278,92.04663394830126,3.0573500008219927,0.0006971410639871225,demo,"{""demo"": true}",농림축산식품부,"Ministry of Agriculture, Food and Rural Affairs",ministries,부,79.3,3,6.971410639871225,우수,4,80.0
422,mafra,ministries,instagram,korea_mafra,2026-05-04 12:00:00+00:00,56706,161,8,27,2026-04-25 12:00:00+00:00,1105.4524272389035,18.608600339553362,0.1283008907680312,0.00033042184654747986,demo,"{""demo"": true}",농림축산식품부,"Ministry of Agriculture, Food and Rural Affairs",ministries,부,62.1,8,3.304218465474799,보통,4,80.0
421,mafra,ministries,youtube,@maf_official,2026-05-04 12:00:00+00:00,774,417,13,48,2026-04-14 12:00:00+00:00,4398.273209832717,64.69693973448715,5.560767878008827,0.09077223205748834,demo,"{""demo"": true}",농림축산식품부,"Ministry of Agriculture, Food and Rural Affairs",ministries,부,93.7,19,907.7223205748834,우수,4,80.0
392,mcst,ministries,blog,https://blog.naver.com/mcstkorea,2026-05-04 12:00:00+00:00,115394,168,5,29,2026-04-14 12:00:00+00:00,3548.1203948438165,35.43698252960804,2.9183609868519955,0.00033238594308594927,demo,"{""demo"": true}",문화체육관광부,"Ministry of Culture, Sports and Tourism",ministries,부,49.8,19,3.3238594308594926,저조,5,100.0
391,mcst,ministries,facebook,mcst,2026-05-04 12:00:00+00:00,197375,296,9,26,2026-04-13 12:00:00+00:00,911.0728878807845,34.694878188858006,5.9565785057432965,0.00020596051523547209,demo,"{""demo"": true}",문화체육관광부,"Ministry of Culture, Sports and Tourism",ministries,부,60.7,20,2.0596051523547207,보통,5,100.0
389,mcst,ministries,instagram,mcstkorea,2026-05-04 12:00:00+00:00,169380,130,8,26,2026-04-20 12:00:00+00:00,4960.007370221284,50.59466554496445,4.245250868122156,0.00032376854654083483,demo,"{""demo"": true}",문화체육관광부,"Ministry of Culture, Sports and Tourism",ministries,부,59.8,13,3.2376854654083482,보통,5,100.0
390,mcst,ministries,x,mcst_korea,2026-05-04 12:00:00+00:00,46914,195,0,31,2026-04-25 12:00:00+00:00,4384.674509393835,74.83871265465285,1.6562343912407012,0.0016305355980281698,demo,"{""demo"": true}",문화체육관광부,"Ministry of Culture, Sports and Tourism",ministries,부,38.0,8,16.305355980281696,저조,5,100.0
388,mcst,ministries,youtube,@mcstkorea,2026-05-04 12:00:00+00:00,73929,125,12,20,2026-05-03 12:00:00+00:00,3168.2796585638807,66.6758902478438,1.8620269721160128,0.0009270775638783131,demo,"{""demo"": true}",문화체육관광부,"Ministry of Culture, Sports and Tourism",ministries,부,73.7,0,9.27077563878313,보통,5,100.0
544,me,ministries,blog,https://blog.naver.com/mesns,2026-05-04 12:00:00+00:00,51532,255,2,24,2026-05-04 12:00:00+00:00,3707.44825853408,0.0,4.796132909199093,9.307096385156977e-05,demo,"{""demo"": true}",환경부,Ministry of Environment,ministries,부,43.0,-1,0.9307096385156977,저조,5,100.0
543,me,ministries,facebook,mineenvironment,2026-05-04 12:00:00+00:00,187346,322,8,25,2026-05-01 12:00:00+00:00,4469.596339072827,20.00099087952037,1.672234425891336,0.00011568555136171418,demo,"{""demo"": true}",환경부,Ministry of Environment,ministries,부,62.7,2,1.156855513617142,보통,5,100.0
541,me,ministries,instagram,minenviron,2026-05-04 12:00:00+00:00,40001,147,7,24,2026-04-21 12:00:00+00:00,1346.0176251320067,45.65140412142656,6.416193056839147,0.0013016573880219422,demo,"{""demo"": true}",환경부,Ministry of Environment,ministries,부,55.9,12,13.016573880219422,보통,5,100.0
542,me,ministries,x,ME_korea,2026-05-04 12:00:00+00:00,89938,338,8,31,2026-04-28 12:00:00+00:00,1755.8743881289072,48.34703154116123,3.325733167205628,0.0005745376226774762,demo,"{""demo"": true}",환경부,Ministry of Environment,ministries,부,65.2,5,5.745376226774762,보통,5,100.0
540,me,ministries,youtube,@me_kr,2026-05-04 12:00:00+00:00,133195,270,7,26,2026-04-25 12:00:00+00:00,2657.726924360266,22.608483031255137,8.357093991435004,0.0002324830288125691,demo,"{""demo"": true}",환경부,Ministry of Environment,ministries,부,58.1,8,2.324830288125691,보통,5,100.0
880,mfds,offices,blog,https://blog.naver.com/kfdazzang,2026-05-04 12:00:00+00:00,76389,230,10,39,2026-04-28 12:00:00+00:00,4908.132949033047,68.6945370777215,6.927348376611096,0.000989957787827208,demo,"{""demo"": true}",식품의약품안전처,Ministry of Food and Drug Safety,offices,처,72.1,5,9.89957787827208,보통,5,100.0
879,mfds,offices,facebook,mfds.korea,2026-05-04 12:00:00+00:00,206378,55,4,9,2026-04-15 12:00:00+00:00,1891.2986054682856,54.627313648708906,6.837672371025592,0.0002978272200512385,demo,"{""demo"": true}",식품의약품안전처,Ministry of Food and Drug Safety,offices,처,33.5,18,2.978272200512385,저조,5,100.0
877,mfds,offices,instagram,mfds_kr,2026-05-04 12:00:00+00:00,21502,218,6,16,2026-04-15 12:00:00+00:00,2918.623901106014,30.349782610859393,9.802821568118484,0.001867389274438558,demo,"{""demo"": true}",식품의약품안전처,Ministry of Food and Drug Safety,offices,처,45.4,18,18.67389274438558,저조,5,100.0
878,mfds,offices,x,mfds_kr,2026-05-04 12:00:00+00:00,117629,331,9,40,2026-05-03 12:00:00+00:00,4732.078925959916,26.84918133358879,3.1369378240563206,0.00025492114323547006,demo,"{""demo"": true}",식품의약품안전처,Ministry of Food and Drug Safety,offices,처,70.1,0,2.5492114323547006,보통,5,100.0
876,mfds,offices,youtube,@mfds_kr,2026-05-04 12:00:00+00:00,96910,118,8,20,2026-04-14 12:00:00+00:00,1985.9084127681608,12.376395716513208,5.945460204926781,0.0001890605295783716,demo,"{""demo"": true}",식품의약품안전처,Ministry of Food and Drug Safety,offices,처,53.7,19,1.8906052957837158,보통,5,100.0
1080,mma,agencies,blog,https://blog.naver.com/mma9090,2026-05-04 12:00:00+00:00,98914,136,8,18,2026-04-17 12:00:00+00:00,4815.646153636057,69.10657233177135,5.514358362052385,0.0007544021138951386,demo,"{""demo"": true}",병무청,Military Manpower Administration,agencies,청,53.6,16,7.544021138951386,보통,4,80.0
1079,mma,agencies,facebook,mmakorea,2026-05-04 12:00:00+00:00,75685,260,6,23,2026-05-03 12:00:00+00:00,2656.59356808692,64.00355128827144,3.9580767214190544,0.0008979537294006803,demo,"{""demo"": true}",병무청,Military Manpower Administration,agencies,청,55.7,0,8.979537294006803,보통,4,80.0
1078,mma,agencies,instagram,mma_korea,2026-05-04 12:00:00+00:00,23716,288,8,29,2026-04-25 12:00:00+00:00,3261.2824202070374,16.48919931180952,1.2393630714542239,0.0007475359412744032,demo,"{""demo"": true}",병무청,Military Manpower Administration,agencies,청,63.6,8,7.475359412744032,보통,4,80.0
1077,mma,agencies,youtube,@mma_korea,2026-05-04 12:00:00+00:00,49649,315,4,30,2026-04-26 12:00:00+00:00,533.7964672086572,80.57601583444774,3.358744586308879,0.0016905629603971202,demo,"{""demo"": true}",병무청,Military Manpower Administration,agencies,청,51.7,7,16.905629603971203,보통,4,80.0
280,mnd,ministries,blog,https://mndpr.tistory.com,2026-05-04 12:00:00+00:00,191277,127,12,16,2026-04-19 12:00:00+00:00,4689.382849411038,77.05604596153921,6.291676499232429,0.00043574356802318957,demo,"{""demo"": true}",국방부,Ministry of National Defense,ministries,부,66.2,14,4.357435680231895,보통,5,100.0
279,mnd,ministries,facebook,MNDKOR,2026-05-04 12:00:00+00:00,130354,234,14,38,2026-05-03 12:00:00+00:00,2147.6364130005263,31.62457986776493,3.2172439649631377,0.00026728618863040696,demo,"{""demo"": true}",국방부,Ministry of National Defense,ministries,부,80.1,0,2.67286188630407,우수,5,100.0
277,mnd,ministries,instagram,rokmnd,2026-05-04 12:00:00+00:00,19692,155,7,23,2026-04-17 12:00:00+00:00,2093.8465125797293,40.265237705676086,4.696807649658763,0.0022832645417090623,demo,"{""demo"": true}",국방부,Ministry of National Defense,ministries,부,54.2,16,22.832645417090625,보통,5,100.0
278,mnd,ministries,x,ROK_MND,2026-05-04 12:00:00+00:00,132129,222,15,28,2026-04-25 12:00:00+00:00,1498.53517237976,26.793121634388363,5.282596355403157,0.00024276062022562435,demo,"{""demo"": true}",국방부,Ministry of National Defense,ministries,부,76.1,8,2.4276062022562432,우수,5,100.0
276,mnd,ministries,youtube,@MNDKOR,2026-05-04 12:00:00+00:00,178490,220,8,39,2026-05-03 12:00:00+00:00,2125.1766936364675,12.031473189346752,4.171219370178225,9.077647240475644e-05,demo,"{""demo"": true}",국방부,Ministry of National Defense,ministries,부,66.7,0,0.9077647240475644,보통,5,100.0
80,moe,ministries,blog,https://blog.naver.com/moeblog,2026-05-04 12:00:00+00:00,171097,299,9,28,2026-05-04 12:00:00+00:00,846.6734943454728,54.78930665086994,5.438079438055381,0.00035200725955992986,demo,"{""demo"": true}",교육부,Ministry of Education,ministries,부,69.1,-1,3.5200725955992986,보통,5,100.0
79,moe,ministries,facebook,ourmoe,2026-05-04 12:00:00+00:00,86570,281,1,23,2026-04-27 12:00:00+00:00,436.23001521857014,86.65860698643148,7.375880994505484,0.0010862248813785025,demo,"{""demo"": true}",교육부,Ministry of Education,ministries,부,37.1,6,10.862248813785024,저조,5,100.0
77,moe,ministries,instagram,ourmoe,2026-05-04 12:00:00+00:00,158792,236,13,34,2026-05-03 12:00:00+00:00,1957.6089345218838,54.64670547495431,7.5142036421557385,0.00039146121414876096,demo,"{""demo"": true}",교육부,Ministry of Education,ministries,부,80.2,0,3.9146121414876096,우수,5,100.0
78,moe,ministries,x,ourmoe,2026-05-04 12:00:00+00:00,195839,234,8,34,2026-04-21 12:00:00+00:00,4191.063483069394,41.37664651205566,2.07824481870514,0.0002218908967609148,demo,"{""demo"": true}",교육부,Ministry of Education,ministries,부,62.8,12,2.218908967609148,보통,5,100.0
76,moe,ministries,youtube,@ourMOE,2026-05-04 12:00:00+00:00,132153,276,5,25,2026-04-22 12:00:00+00:00,2865.5207168213933,36.63673791200069,4.512607485304689,0.00031137655140106834,demo,"{""demo"": true}",교육부,Ministry of Education,ministries,부,49.8,11,3.1137655140106832,저조,5,100.0
40,moef,ministries,blog,https://blog.naver.com/mosfnet,2026-05-04 12:00:00+00:00,77100,214,5,24,2026-04-27 12:00:00+00:00,1496.4382169616179,35.59976745550151,5.9204605877062795,0.000538524358537066,demo,"{""demo"": true}",기획재정부,Ministry of Economy and Finance,ministries,부,50.9,6,5.38524358537066,보통,5,100.0
39,moef,ministries,facebook,moefkorea,2026-05-04 12:00:00+00:00,214097,153,8,27,2026-05-01 12:00:00+00:00,2734.4085800979738,21.369428158040485,2.337139486360422,0.00011072816360995673,demo,"{""demo"": true}",기획재정부,Ministry of Economy and Finance,ministries,부,64.0,2,1.1072816360995674,보통,5,100.0
37,moef,ministries,instagram,moef_korea,2026-05-04 12:00:00+00:00,29371,142,4,18,2026-04-26 12:00:00+00:00,3381.657276372163,18.957730145505955,3.1687120858304456,0.0007533431694983624,demo,"{""demo"": true}",기획재정부,Ministry of Economy and Finance,ministries,부,43.3,7,7.533431694983624,저조,5,100.0
38,moef,ministries,x,moefkorea,2026-05-04 12:00:00+00:00,6936,235,6,31,2026-04-20 12:00:00+00:00,4652.18982535702,59.60115672728235,8.165796042778354,0.009770321910331704,demo,"{""demo"": true}",기획재정부,Ministry of Economy and Finance,ministries,부,59.6,13,97.70321910331704,보통,5,100.0
36,moef,ministries,youtube,@moefkorea,2026-05-04 12:00:00+00:00,169446,248,6,20,2026-04-27 12:00:00+00:00,3013.1438523138618,70.6711124345952,9.314149902337654,0.00047203983768830696,demo,"{""demo"": true}",기획재정부,Ministry of Economy and Finance,ministries,부,51.5,6,4.72039837688307,보통,5,100.0
584,moel,ministries,blog,https://blog.naver.com/molab_suda,2026-05-04 12:00:00+00:00,148839,214,4,33,2026-05-02 12:00:00+00:00,1657.1510924452543,41.590025571727665,7.446441922014587,0.00032945980216033603,demo,"{""demo"": true}",고용노동부,Ministry of Employment and Labor,ministries,부,53.1,1,3.29459802160336,보통,5,100.0
583,moel,ministries,facebook,moel.kr,2026-05-04 12:00:00+00:00,126512,314,13,38,2026-04-16 12:00:00+00:00,4762.545541086566,39.94269377102558,6.989597809287703,0.0003709710666206627,demo,"{""demo"": true}",고용노동부,Ministry of Employment and Labor,ministries,부,74.5,17,3.709710666206627,보통,5,100.0
581,moel,ministries,instagram,molab_kr,2026-05-04 12:00:00+00:00,128897,134,5,17,2026-04-26 12:00:00+00:00,661.6504564035989,47.49806950403092,6.795974394359603,0.0004212203844805583,demo,"{""demo"": true}",고용노동부,Ministry of Employment and Labor,ministries,부,45.8,7,4.212203844805583,저조,5,100.0
582,moel,ministries,x,molab_kr,2026-05-04 12:00:00+00:00,167628,193,5,15,2026-04-17 12:00:00+00:00,3258.9051179092867,71.42373205490304,6.676549965019675,0.0004659142984460992,demo,"{""demo"": true}",고용노동부,Ministry of Employment and Labor,ministries,부,41.5,16,4.659142984460992,저조,5,100.0
580,moel,ministries,youtube,@moelkr,2026-05-04 12:00:00+00:00,160982,179,6,25,2026-04-23 12:00:00+00:00,2122.007030528615,48.17003312820079,9.779620289559666,0.0003599759812759219,demo,"{""demo"": true}",고용노동부,Ministry of Employment and Labor,ministries,부,53.5,10,3.599759812759219,보통,5,100.0
704,mof,ministries,blog,https://blog.naver.com/koreamof,2026-05-04 12:00:00+00:00,113109,189,5,26,2026-04-27 12:00:00+00:00,1355.5948084165432,36.05156423394225,11.27048390338204,0.00041837562119127823,demo,"{""demo"": true}",해양수산부,Ministry of Oceans and Fisheries,ministries,부,52.2,6,4.183756211912782,보통,5,100.0
703,mof,ministries,facebook,momafkr,2026-05-04 12:00:00+00:00,3075,139,6,20,2026-04-16 12:00:00+00:00,562.0069249339987,15.938110467541371,3.734721829120285,0.006397669039564766,demo,"{""demo"": true}",해양수산부,Ministry of Oceans and Fisheries,ministries,부,50.2,17,63.976690395647665,보통,5,100.0
701,mof,ministries,instagram,momaf_kr,2026-05-04 12:00:00+00:00,134547,179,2,29,2026-04-18 12:00:00+00:00,4967.718846817243,66.76424759592413,4.568430970333584,0.0005301692238865059,demo,"{""demo"": true}",해양수산부,Ministry of Oceans and Fisheries,ministries,부,41.2,15,5.301692238865059,저조,5,100.0
702,mof,ministries,x,MOFKorea,2026-05-04 12:00:00+00:00,87674,357,6,32,2026-05-04 12:00:00+00:00,4127.505619990861,46.91558213152659,10.81136593095999,0.0006584272197286149,demo,"{""demo"": true}",해양수산부,Ministry of Oceans and Fisheries,ministries,부,60.6,-1,6.5842721972861495,보통,5,100.0
700,mof,ministries,youtube,@momaf_kr,2026-05-04 12:00:00+00:00,220273,220,4,21,2026-04-23 12:00:00+00:00,2292.748966091422,8.589131979963625,3.4612820322094304,5.4706723076242004e-05,demo,"{""demo"": true}",해양수산부,Ministry of Oceans and Fisheries,ministries,부,44.0,10,0.54706723076242,저조,5,100.0
160,mofa,ministries,blog,https://blog.naver.com/mofakr,2026-05-04 12:00:00+00:00,149819,171,4,32,2026-04-15 12:00:00+00:00,3663.4906861023023,26.483879476253367,5.6306184168323385,0.0002143553080255889,demo,"{""demo"": true}",외교부,Ministry of Foreign Affairs,ministries,부,47.4,18,2.143553080255889,저조,5,100.0
159,mofa,ministries,facebook,mofakr.eng,2026-05-04 12:00:00+00:00,174114,271,8,30,2026-05-02 12:00:00+00:00,2296.5485499224324,38.7287164704199,1.3387505235341068,0.00023012202921048283,demo,"{""demo"": true}",외교부,Ministry of Foreign Affairs,ministries,부,66.4,1,2.301220292104828,보통,5,100.0
157,mofa,ministries,instagram,mofa_kr,2026-05-04 12:00:00+00:00,99936,273,8,27,2026-04-30 12:00:00+00:00,1328.2055639678067,47.040866343525735,3.697007110820969,0.000507703664888996,demo,"{""demo"": true}",외교부,Ministry of Foreign Affairs,ministries,부,63.9,3,5.07703664888996,보통,5,100.0
158,mofa,ministries,x,mofa_kr,2026-05-04 12:00:00+00:00,49328,350,10,40,2026-04-27 12:00:00+00:00,1686.48016361391,43.41554570254865,5.083721775571568,0.0009831995515350352,demo,"{""demo"": true}",외교부,Ministry of Foreign Affairs,ministries,부,71.7,6,9.831995515350352,보통,5,100.0
156,mofa,ministries,youtube,@mofakr,2026-05-04 12:00:00+00:00,42243,308,8,22,2026-04-24 12:00:00+00:00,823.0154817130742,48.57227834280725,10.91848490325799,0.0014082987298739494,demo,"{""demo"": true}",외교부,Ministry of Foreign Affairs,ministries,부,58.9,9,14.082987298739493,보통,5,100.0
624,mogef,ministries,blog,https://blog.naver.com/mogefkorea,2026-05-04 12:00:00+00:00,91963,220,13,18,2026-04-15 12:00:00+00:00,2627.486794608859,26.922004996123846,4.7752723297562625,0.00034467424209606157,demo,"{""demo"": true}",여성가족부,Ministry of Gender Equality and Family,ministries,부,66.1,18,3.4467424209606157,보통,5,100.0
623,mogef,ministries,facebook,mogefkorea,2026-05-04 12:00:00+00:00,192661,252,9,28,2026-04-19 12:00:00+00:00,152.48094713960157,41.83501681963636,3.1580318630210527,0.00023353480300972905,demo,"{""demo"": true}",여성가족부,Ministry of Gender Equality and Family,ministries,부,64.1,14,2.3353480300972906,보통,5,100.0
621,mogef,ministries,instagram,mogef.kr,2026-05-04 12:00:00+00:00,85854,161,10,21,2026-04-26 12:00:00+00:00,1917.0921176090437,33.05704286100392,4.240890346489001,0.00043443442597308133,demo,"{""demo"": true}",여성가족부,Ministry of Gender Equality and Family,ministries,부,65.2,7,4.344344259730813,보통,5,100.0
622,mogef,ministries,x,mogefkorea,2026-05-04 12:00:00+00:00,172765,203,3,14,2026-04-14 12:00:00+00:00,1503.69924595109,58.34755521057012,3.7193830470226104,0.0003592564365328205,demo,"{""demo"": true}",여성가족부,Ministry of Gender Equality and Family,ministries,부,33.1,19,3.592564365328205,저조,5,100.0
620,mogef,ministries,youtube,@mogefkorea,2026-05-04 12:00:00+00:00,129265,76,3,15,2026-04-14 12:00:00+00:00,4041.4098683471534,58.803509025556835,5.956836204873963,0.0005009890165971516,demo,"{""demo"": true}",여성가족부,Ministry of Gender Equality and Family,ministries,부,33.9,19,5.009890165971516,저조,5,100.0
504,mohw,ministries,blog,https://blog.naver.com/mohw2016,2026-05-04 12:00:00+00:00,55425,249,1,29,2026-04-24 12:00:00+00:00,4937.238836959582,76.45127932904704,12.603564120512015,0.0016067630753190628,demo,"{""demo"": true}",보건복지부,Ministry of Health and Welfare,ministries,부,40.3,9,16.067630753190628,저조,5,100.0
503,mohw,ministries,facebook,mohwpr,2026-05-04 12:00:00+00:00,144640,182,4,17,2026-04-13 12:00:00+00:00,2696.2086726869875,43.44998811268695,6.42458125608907,0.0003448186488438608,demo,"{""demo"": true}",보건복지부,Ministry of Health and Welfare,ministries,부,38.1,20,3.448186488438608,저조,5,100.0
501,mohw,ministries,instagram,mohw_kr,2026-05-04 12:00:00+00:00,164563,189,6,21,2026-04-21 12:00:00+00:00,1921.2439058478194,46.75711634192355,10.991332530985794,0.0003509200055474763,demo,"{""demo"": true}",보건복지부,Ministry of Health and Welfare,ministries,부,50.1,12,3.509200055474763,보통,5,100.0
502,mohw,ministries,x,mohwpr,2026-05-04 12:00:00+00:00,170350,244,4,19,2026-04-14 12:00:00+00:00,2943.5342313876363,44.90587598359215,5.6719833717185715,0.00029690554361790853,demo,"{""demo"": true}",보건복지부,Ministry of Health and Welfare,ministries,부,39.8,19,2.9690554361790853,저조,5,100.0
500,mohw,ministries,youtube,@mohwpr,2026-05-04 12:00:00+00:00,170930,329,9,31,2026-04-29 12:00:00+00:00,4507.996673469238,38.024705419587725,10.445103737777895,0.0002835652557033032,demo,"{""demo"": true}",보건복지부,Ministry of Health and Welfare,ministries,부,68.8,4,2.835652557033032,보통,5,100.0
320,mois,ministries,blog,https://blog.naver.com/mopaspr,2026-05-04 12:00:00+00:00,161313,329,11,28,2026-04-14 12:00:00+00:00,2503.918354645834,41.94217171523721,1.537814289398657,0.0002695380161836669,demo,"{""demo"": true}",행정안전부,Ministry of the Interior and Safety,ministries,부,69.1,19,2.695380161836669,보통,5,100.0
319,mois,ministries,facebook,mopaspr,2026-05-04 12:00:00+00:00,82292,287,7,32,2026-04-27 12:00:00+00:00,2798.1484093336685,43.25271709529779,8.865824431312317,0.0006333366733900028,demo,"{""demo"": true}",행정안전부,Ministry of the Interior and Safety,ministries,부,61.6,6,6.333366733900028,보통,5,100.0
317,mois,ministries,instagram,mois_kr,2026-05-04 12:00:00+00:00,11710,165,6,12,2026-04-24 12:00:00+00:00,324.00569510736415,34.243604529131744,6.827984788288758,0.003507394476295517,demo,"{""demo"": true}",행정안전부,Ministry of the Interior and Safety,ministries,부,46.4,9,35.07394476295517,저조,5,100.0
318,mois,ministries,x,mopaspr,2026-05-04 12:00:00+00:00,2998,258,12,22,2026-04-16 12:00:00+00:00,3628.05849497119,65.25949659674565,5.387481727000454,0.023564702576299567,demo,"{""demo"": true}",행정안전부,Ministry of the Interior and Safety,ministries,부,78.4,17,235.64702576299567,우수,5,100.0
316,mois,ministries,youtube,@moiskr,2026-05-04 12:00:00+00:00,81931,120,5,19,2026-04-20 12:00:00+00:00,4033.801446918103,13.672574028095255,9.79542036236986,0.00028643607902338695,demo,"{""demo"": true}",행정안전부,Ministry of the Interior and Safety,ministries,부,45.1,13,2.8643607902338695,저조,5,100.0
240,moj,ministries,blog,https://blog.naver.com/mojjustice,2026-05-04 12:00:00+00:00,56203,117,7,17,2026-05-02 12:00:00+00:00,4864.660684417453,44.47340802180327,0.0,0.0007912995395584448,demo,"{""demo"": true}",법무부,Ministry of Justice,ministries,부,54.6,1,7.912995395584447,보통,5,100.0
239,moj,ministries,facebook,MOJkorea,2026-05-04 12:00:00+00:00,54854,196,9,19,2026-04-25 12:00:00+00:00,4998.015715278496,33.52291233619833,4.1760134082615785,0.0006872593747850643,demo,"{""demo"": true}",법무부,Ministry of Justice,ministries,부,60.3,8,6.872593747850643,보통,5,100.0
237,moj,ministries,instagram,moj_korea,2026-05-04 12:00:00+00:00,105430,92,5,7,2026-04-18 12:00:00+00:00,694.6760298844388,16.955943110830415,0.9425166180463789,0.0001697662878580745,demo,"{""demo"": true}",법무부,Ministry of Justice,ministries,부,36.4,15,1.697662878580745,저조,5,100.0
238,moj,ministries,x,MOJ_KOREA,2026-05-04 12:00:00+00:00,81353,306,8,32,2026-04-17 12:00:00+00:00,1907.6647109559815,41.15845779025253,4.3297420445787544,0.0005591459421881342,demo,"{""demo"": true}",법무부,Ministry of Justice,ministries,부,61.6,16,5.591459421881342,보통,5,100.0
236,moj,ministries,youtube,@moj_korea,2026-05-04 12:00:00+00:00,5411,231,13,31,2026-04-25 12:00:00+00:00,4271.674048690316,33.64382995501406,1.330667058600477,0.006463592129664487,demo,"{""demo"": true}",법무부,Ministry of Justice,ministries,부,79.9,8,64.63592129664487,우수,5,100.0
840,moleg,offices,blog,https://blog.naver.com/molegkorea,2026-05-04 12:00:00+00:00,10950,281,7,29,2026-04-23 12:00:00+00:00,4281.3761838416385,68.86010277757539,4.91882012733958,0.006737801178531048,demo,"{""demo"": true}",법제처,Ministry of Government Legislation,offices,처,62.0,10,67.37801178531048,보통,4,80.0
839,moleg,offices,facebook,moleg.korea,2026-05-04 12:00:00+00:00,9131,246,3,31,2026-04-17 12:00:00+00:00,1733.854592896961,41.89437317320824,3.50170328674876,0.004971643462923775,demo,"{""demo"": true}",법제처,Ministry of Government Legislation,offices,처,46.7,16,49.71643462923775,저조,4,80.0
838,moleg,offices,instagram,moleg_kr,2026-05-04 12:00:00+00:00,105572,228,0,18,2026-05-02 12:00:00+00:00,1206.6495255843256,18.630095120177984,5.187936856109952,0.0002256093658951989,demo,"{""demo"": true}",법제처,Ministry of Government Legislation,offices,처,31.8,1,2.256093658951989,저조,4,80.0
837,moleg,offices,youtube,@molegkr,2026-05-04 12:00:00+00:00,161627,245,9,29,2026-04-24 12:00:00+00:00,2915.7372334461534,31.141085857821437,6.092522534819498,0.00023036750290880194,demo,"{""demo"": true}",법제처,Ministry of Government Legislation,offices,처,66.4,9,2.3036750290880192,보통,4,80.0
664,molit,ministries,blog,https://blog.naver.com/mltmkr,2026-05-04 12:00:00+00:00,10086,256,11,16,2026-05-04 12:00:00+00:00,4618.233139145859,27.478341456723705,7.805845995865497,0.0034983330807643468,demo,"{""demo"": true}",국토교통부,"Ministry of Land, Infrastructure and Transport",ministries,부,69.1,-1,34.98333080764347,보통,5,100.0
663,molit,ministries,facebook,molitkorea,2026-05-04 12:00:00+00:00,173711,102,9,20,2026-04-25 12:00:00+00:00,100.45249733514747,29.683443000604363,6.73795667922042,0.00020966662836449494,demo,"{""demo"": true}",국토교통부,"Ministry of Land, Infrastructure and Transport",ministries,부,60.8,8,2.0966662836449492,보통,5,100.0
661,molit,ministries,instagram,molit_korea,2026-05-04 12:00:00+00:00,175097,346,14,31,2026-04-14 12:00:00+00:00,3215.6705684865947,51.942467654154264,8.629854277838614,0.000345935806621432,demo,"{""demo"": true}",국토교통부,"Ministry of Land, Infrastructure and Transport",ministries,부,73.8,19,3.4593580662143197,보통,5,100.0
662,molit,ministries,x,molitkorea,2026-05-04 12:00:00+00:00,51392,218,3,19,2026-04-23 12:00:00+00:00,2744.3737984666923,28.985579470154498,3.014887743075854,0.0006226740973931809,demo,"{""demo"": true}",국토교통부,"Ministry of Land, Infrastructure and Transport",ministries,부,39.6,10,6.226740973931809,저조,5,100.0
660,molit,ministries,youtube,@molit_korea,2026-05-04 12:00:00+00:00,62963,305,5,33,2026-04-26 12:00:00+00:00,2279.740168616645,64.63716743429451,4.4142391315107306,0.0010966981650462214,demo,"{""demo"": true}",국토교통부,"Ministry of Land, Infrastructure and Transport",ministries,부,54.8,7,10.966981650462214,보통,5,100.0
464,motie,ministries,blog,https://blog.naver.com/mocienews,2026-05-04 12:00:00+00:00,38473,259,4,30,2026-05-04 12:00:00+00:00,529.3789606041628,33.31476679106123,5.057093623977994,0.0009973711541870721,demo,"{""demo"": true}",산업통상자원부,"Ministry of Trade, Industry and Energy",ministries,부,54.1,-1,9.97371154187072,보통,5,100.0
463,motie,ministries,facebook,motiekr,2026-05-04 12:00:00+00:00,129821,125,0,13,2026-04-25 12:00:00+00:00,569.9880148709838,11.527848886650247,3.8998506196137854,0.00011883824270544852,demo,"{""demo"": true}",산업통상자원부,"Ministry of Trade, Industry and Energy",ministries,부,26.0,8,1.1883824270544852,저조,5,100.0
461,motie,ministries,instagram,motie_kr,2026-05-04 12:00:00+00:00,158016,260,11,30,2026-05-04 12:00:00+00:00,4717.967064699623,82.1231616353151,4.413785690644585,0.0005476467403678089,demo,"{""demo"": true}",산업통상자원부,"Ministry of Trade, Industry and Energy",ministries,부,77.2,-1,5.476467403678089,우수,5,100.0
462,motie,ministries,x,motiekr,2026-05-04 12:00:00+00:00,27358,278,12,46,2026-04-28 12:00:00+00:00,2105.4713421781644,45.09306556404776,6.1567318045124395,0.0018733020457840559,demo,"{""demo"": true}",산업통상자원부,"Ministry of Trade, Industry and Energy",ministries,부,79.1,5,18.73302045784056,우수,5,100.0
460,motie,ministries,youtube,@motiekr,2026-05-04 12:00:00+00:00,24555,310,10,34,2026-05-02 12:00:00+00:00,4714.987303322616,49.02912600150776,3.8495921040313736,0.0021534806803314654,demo,"{""demo"": true}",산업통상자원부,"Ministry of Trade, Industry and Energy",ministries,부,73.9,1,21.534806803314655,보통,5,100.0
808,mpm,offices,blog,https://blog.naver.com/happy_mpm,2026-05-04 12:00:00+00:00,25948,265,12,32,2026-04-26 12:00:00+00:00,4640.165813090016,36.223930184667076,0.29961572574060735,0.0014075668995840792,demo,"{""demo"": true}",인사혁신처,Ministry of Personnel Management,offices,처,78.2,7,14.075668995840791,우수,4,80.0
807,mpm,offices,facebook,mpm.kr,2026-05-04 12:00:00+00:00,41354,172,3,25,2026-04-27 12:00:00+00:00,2181.3821007490824,48.40066709135368,2.3252674442895813,0.0012266270381497137,demo,"{""demo"": true}",인사혁신처,Ministry of Personnel Management,offices,처,45.2,6,12.266270381497137,저조,4,80.0
806,mpm,offices,instagram,mpm_korea,2026-05-04 12:00:00+00:00,98092,198,5,18,2026-04-15 12:00:00+00:00,3153.917559839838,6.061094176028433,6.443410474736485,0.00012747731365213185,demo,"{""demo"": true}",인사혁신처,Ministry of Personnel Management,offices,처,42.7,18,1.2747731365213186,저조,4,80.0
805,mpm,offices,youtube,@mpm_korea,2026-05-04 12:00:00+00:00,91197,174,8,28,2026-04-21 12:00:00+00:00,514.8508770196087,35.86293489907745,1.5913259132020086,0.00041069619408839607,demo,"{""demo"": true}",인사혁신처,Ministry of Personnel Management,offices,처,61.5,12,4.106961940883961,보통,4,80.0
352,mpva,ministries,blog,https://blog.naver.com/mpva_korea,2026-05-04 12:00:00+00:00,50572,367,15,41,2026-04-30 12:00:00+00:00,1583.8799483023859,48.35086525567385,0.6930288534131579,0.0009697835582750734,demo,"{""demo"": true}",국가보훈부,Ministry of Patriots and Veterans Affairs,ministries,부,79.4,3,9.697835582750734,우수,4,80.0
351,mpva,ministries,facebook,mpvakorea,2026-05-04 12:00:00+00:00,92561,139,0,13,2026-04-20 12:00:00+00:00,4173.280862680769,9.510835560499974,6.124682811350947,0.00016892123434114715,demo,"{""demo"": true}",국가보훈부,Ministry of Patriots and Veterans Affairs,ministries,부,24.4,13,1.6892123434114714,저조,4,80.0
350,mpva,ministries,instagram,mpva_korea,2026-05-04 12:00:00+00:00,204578,186,6,28,2026-04-17 12:00:00+00:00,3440.3919023374297,15.33832541795665,3.4308137330538155,9.174563809896696e-05,demo,"{""demo"": true}",국가보훈부,Ministry of Patriots and Veterans Affairs,ministries,부,53.4,16,0.9174563809896696,보통,4,80.0
349,mpva,ministries,youtube,@mpva,2026-05-04 12:00:00+00:00,44134,156,6,17,2026-04-22 12:00:00+00:00,4100.823125621274,26.75873130719067,3.9741244583848823,0.0006963532824030351,demo,"{""demo"": true}",국가보훈부,Ministry of Patriots and Veterans Affairs,ministries,부,47.9,11,6.963532824030351,저조,4,80.0
120,msit,ministries,blog,https://blog.naver.com/with_msip,2026-05-04 12:00:00+00:00,159204,147,7,17,2026-04-19 12:00:00+00:00,2338.253716388336,34.43472892998851,10.630773586340307,0.0002830676522972339,demo,"{""demo"": true}",과학기술정보통신부,Ministry of Science and ICT,ministries,부,50.1,14,2.8306765229723387,보통,5,100.0
119,msit,ministries,facebook,withmsit,2026-05-04 12:00:00+00:00,31398,259,9,44,2026-04-14 12:00:00+00:00,2542.0399730652566,76.67818127049352,9.756677391767866,0.0027528778477056304,demo,"{""demo"": true}",과학기술정보통신부,Ministry of Science and ICT,ministries,부,64.8,19,27.528778477056303,보통,5,100.0
117,msit,ministries,instagram,with_msit,2026-05-04 12:00:00+00:00,130538,191,10,32,2026-04-19 12:00:00+00:00,241.46026796414984,51.208427078805464,6.8133616840763125,0.00044448198044157086,demo,"{""demo"": true}",과학기술정보통신부,Ministry of Science and ICT,ministries,부,68.8,14,4.444819804415708,보통,5,100.0
118,msit,ministries,x,MSIT_KR,2026-05-04 12:00:00+00:00,177733,201,3,12,2026-05-04 12:00:00+00:00,2099.1543677205223,35.686154970053224,2.49400370882278,0.00021481749972642112,demo,"{""demo"": true}",과학기술정보통신부,Ministry of Science and ICT,ministries,부,38.4,-1,2.1481749972642112,저조,5,100.0
116,msit,ministries,youtube,@msit_kr,2026-05-04 12:00:00+00:00,38237,290,6,26,2026-04-19 12:00:00+00:00,2266.000683039081,12.265307140507126,4.5158383363793995,0.00043887191664844326,demo,"{""demo"": true}",과학기술정보통신부,Ministry of Science and ICT,ministries,부,52.8,14,4.3887191664844325,보통,5,100.0
744,mss,ministries,blog,https://blog.naver.com/bizinfo1357,2026-05-04 12:00:00+00:00,148967,258,10,28,2026-04-25 12:00:00+00:00,915.7843483244231,1.414432770299861,7.310353958812252,5.856858719791707e-05,demo,"{""demo"": true}",중소벤처기업부,Ministry of SMEs and Startups,ministries,부,69.4,8,0.5856858719791708,보통,5,100.0
743,mss,ministries,facebook,smbakorea,2026-05-04 12:00:00+00:00,116728,317,8,37,2026-04-22 12:00:00+00:00,3849.283374772801,45.63069123222029,4.913895989853633,0.0004330116786210158,demo,"{""demo"": true}",중소벤처기업부,Ministry of SMEs and Startups,ministries,부,63.2,11,4.330116786210158,보통,5,100.0
741,mss,ministries,instagram,mss_kr,2026-05-04 12:00:00+00:00,26985,247,7,19,2026-04-16 12:00:00+00:00,2727.180987400037,29.411876972381354,8.807375206348297,0.0014163146999714524,demo,"{""demo"": true}",중소벤처기업부,Ministry of SMEs and Startups,ministries,부,50.9,17,14.163146999714524,보통,5,100.0
742,mss,ministries,x,mss_kr,2026-05-04 12:00:00+00:00,164349,80,4,14,2026-04-20 12:00:00+00:00,4401.121697422848,49.34317714565358,5.345904081353689,0.0003327618739816322,demo,"{""demo"": true}",중소벤처기업부,Ministry of SMEs and Startups,ministries,부,38.5,13,3.3276187398163217,저조,5,100.0
740,mss,ministries,youtube,@mss_korea,2026-05-04 12:00:00+00:00,89726,318,4,24,2026-04-22 12:00:00+00:00,304.948747745579,25.475244055505943,5.595367507520038,0.00034628325750647504,demo,"{""demo"": true}",중소벤처기업부,Ministry of SMEs and Startups,ministries,부,45.8,11,3.46283257506475,저조,5,100.0
1184,nfa,agencies,blog,https://blog.naver.com/nfa119,2026-05-04 12:00:00+00:00,67643,226,11,27,2026-05-01 12:00:00+00:00,1684.5023568775177,26.921679357499688,5.955244734038087,0.0004860358661138296,demo,"{""demo"": true}",소방청,National Fire Agency,agencies,청,74.2,2,4.860358661138296,보통,4,80.0
1183,nfa,agencies,facebook,kfa119,2026-05-04 12:00:00+00:00,137577,218,12,34,2026-04-14 12:00:00+00:00,3160.8994306242807,47.07503550184685,2.573741179957551,0.00036087991947639795,demo,"{""demo"": true}",소방청,National Fire Agency,agencies,청,73.8,19,3.6087991947639795,보통,4,80.0
1182,nfa,agencies,instagram,korea_119_nfa,2026-05-04 12:00:00+00:00,61466,262,17,44,2026-04-13 12:00:00+00:00,3647.656335074689,71.20493347967128,8.250431891044297,0.001292671808328435,demo,"{""demo"": true}",소방청,National Fire Agency,agencies,청,73.9,20,12.92671808328435,보통,4,80.0
1181,nfa,agencies,youtube,@nfa119,2026-05-04 12:00:00+00:00,208023,204,8,31,2026-04-24 12:00:00+00:00,3431.8016758401122,0.0,9.269430201061496,4.4559641006338224e-05,demo,"{""demo"": true}",소방청,National Fire Agency,agencies,청,63.7,9,0.44559641006338224,보통,4,80.0
1720,nssc,commissions,blog,https://blog.naver.com/nssckorea,2026-05-04 12:00:00+00:00,205638,159,5,17,2026-05-03 12:00:00+00:00,4077.145729602456,62.64558985741068,5.510039828317398,0.00033143499589437784,demo,"{""demo"": true}",원자력안전위원회,Nuclear Safety and Security Commission,commissions,위원회,48.1,0,3.3143499589437786,저조,4,80.0
1719,nssc,commissions,facebook,nssckorea,2026-05-04 12:00:00+00:00,136222,353,11,34,2026-05-01 12:00:00+00:00,3905.3229888840533,38.001672630506505,9.75044468940166,0.000350546294430475,demo,"{""demo"": true}",원자력안전위원회,Nuclear Safety and Security Commission,commissions,위원회,76.1,2,3.50546294430475,우수,4,80.0
1718,nssc,commissions,instagram,nssc_kr,2026-05-04 12:00:00+00:00,103127,315,14,39,2026-04-18 12:00:00+00:00,4324.627955913889,31.53926450744984,2.211517327363787,0.0003272739615698472,demo,"{""demo"": true}",원자력안전위원회,Nuclear Safety and Security Commission,commissions,위원회,75.1,15,3.272739615698472,우수,4,80.0
1717,nssc,commissions,youtube,@nssckorea,2026-05-04 12:00:00+00:00,77971,193,10,15,2026-04-27 12:00:00+00:00,3638.0266898581585,70.38318293907668,0.2724709245678003,0.0009061786287676762,demo,"{""demo"": true}",원자력안전위원회,Nuclear Safety and Security Commission,commissions,위원회,61.7,6,9.061786287676762,보통,4,80.0
912,nts,agencies,blog,https://blog.naver.com/ntscafe,2026-05-04 12:00:00+00:00,194641,238,8,18,2026-04-23 12:00:00+00:00,2454.3809367069266,66.57450889965993,4.25581590559391,0.00036390238852684604,demo,"{""demo"": true}",국세청,National Tax Service,agencies,청,55.5,10,3.6390238852684607,보통,4,80.0
911,nts,agencies,facebook,ntskorea,2026-05-04 12:00:00+00:00,32339,162,6,20,2026-04-14 12:00:00+00:00,239.36866585044405,58.70655472308888,10.90248087320832,0.0021524795323385757,demo,"{""demo"": true}",국세청,National Tax Service,agencies,청,47.9,19,21.524795323385757,저조,4,80.0
910,nts,agencies,instagram,nts_korea,2026-05-04 12:00:00+00:00,161373,260,8,28,2026-04-14 12:00:00+00:00,708.4669292247556,36.02213368211208,12.475228302673282,0.0003005295928363813,demo,"{""demo"": true}",국세청,National Tax Service,agencies,청,59.1,19,3.0052959283638128,보통,4,80.0
909,nts,agencies,youtube,@ntskorea,2026-05-04 12:00:00+00:00,66194,379,15,38,2026-04-17 12:00:00+00:00,2370.913987607875,48.627843066829,2.7985926698314576,0.0007769047910182261,demo,"{""demo"": true}",국세청,National Tax Service,agencies,청,75.0,16,7.769047910182261,보통,4,80.0
1208,oka,agencies,facebook,okakorea,2026-05-04 12:00:00+00:00,179879,283,5,19,2026-04-21 12:00:00+00:00,1309.2798768544867,58.448916800433395,6.049757517403549,0.0003585670051414392,demo,"{""demo"": true}",재외동포청,Overseas Koreans Agency,agencies,청,45.5,12,3.585670051414392,저조,3,60.0
1207,oka,agencies,instagram,oka_korea,2026-05-04 12:00:00+00:00,109474,240,5,22,2026-04-23 12:00:00+00:00,3574.729480551533,25.85866360386011,5.897458865397289,0.00029007912809669324,demo,"{""demo"": true}",재외동포청,Overseas Koreans Agency,agencies,청,48.1,10,2.9007912809669323,저조,3,60.0
1206,oka,agencies,youtube,@oka_kr,2026-05-04 12:00:00+00:00,4520,141,2,22,2026-05-03 12:00:00+00:00,1985.6474561053126,22.571114362978303,3.3795981519691685,0.005741308078528202,demo,"{""demo"": true}",재외동포청,Overseas Koreans Agency,agencies,청,43.6,0,57.41308078528202,저조,3,60.0
776,opm,offices,blog,https://blog.naver.com/primeminister,2026-05-04 12:00:00+00:00,189508,252,10,13,2026-04-19 12:00:00+00:00,4382.007559878953,50.33739427874083,7.253453035440169,0.00030389665509730985,demo,"{""demo"": true}",국무조정실/국무총리비서실,Office for Government Policy Coordination,offices,처,57.5,14,3.0389665509730985,보통,4,80.0
775,opm,offices,facebook,korea.opm,2026-05-04 12:00:00+00:00,16509,288,9,35,2026-05-02 12:00:00+00:00,2579.373993889841,53.070081731094604,5.469310069241149,0.003545907795768111,demo,"{""demo"": true}",국무조정실/국무총리비서실,Office for Government Policy Coordination,offices,처,71.1,1,35.45907795768111,보통,4,80.0
774,opm,offices,instagram,korea_opm,2026-05-04 12:00:00+00:00,159606,190,3,27,2026-04-25 12:00:00+00:00,2672.9920564693184,41.701283940249695,8.280006112262685,0.00031315420505815807,demo,"{""demo"": true}",국무조정실/국무총리비서실,Office for Government Policy Coordination,offices,처,45.5,8,3.1315420505815807,저조,4,80.0
773,opm,offices,youtube,@opmkr,2026-05-04 12:00:00+00:00,82092,336,8,31,2026-04-24 12:00:00+00:00,254.97825764370953,43.46567498265383,2.477278424099629,0.0005596520173312072,demo,"{""demo"": true}",국무조정실/국무총리비서실,Office for Government Policy Coordination,offices,처,63.9,9,5.596520173312072,보통,4,80.0
1688,pipc,commissions,blog,https://blog.naver.com/pipcpr,2026-05-04 12:00:00+00:00,187457,281,8,31,2026-04-14 12:00:00+00:00,2212.392677920399,66.69547776041145,7.705642044965618,0.0003968969940059697,demo,"{""demo"": true}",개인정보보호위원회,Personal Information Protection Commission,commissions,위원회,60.5,19,3.968969940059697,보통,4,80.0
1687,pipc,commissions,facebook,pipc.korea,2026-05-04 12:00:00+00:00,60596,311,5,35,2026-05-03 12:00:00+00:00,3719.533499639119,24.4994401484301,3.4031844934207554,0.0004604697445681374,demo,"{""demo"": true}",개인정보보호위원회,Personal Information Protection Commission,commissions,위원회,56.9,0,4.604697445681374,보통,4,80.0
1686,pipc,commissions,instagram,pipc_kr,2026-05-04 12:00:00+00:00,161657,301,5,39,2026-04-23 12:00:00+00:00,185.84306604544608,27.899282512737358,4.500395307392016,0.00020042236228638027,demo,"{""demo"": true}",개인정보보호위원회,Personal Information Protection Commission,commissions,위원회,53.4,10,2.004223622863803,보통,4,80.0
1685,pipc,commissions,youtube,@pipc_kr,2026-05-04 12:00:00+00:00,147414,228,4,24,2026-04-26 12:00:00+00:00,1753.5625495574006,63.366078951498054,2.0694114423836494,0.00044388925335369576,demo,"{""demo"": true}",개인정보보호위원회,Personal Information Protection Commission,commissions,위원회,47.2,7,4.438892533536958,저조,4,80.0
1152,police,agencies,blog,https://polinlove.tistory.com,2026-05-04 12:00:00+00:00,114739,223,13,33,2026-04-22 12:00:00+00:00,1211.9388814594283,89.08963667712099,4.503028495730015,0.0008157005479640839,demo,"{""demo"": true}",경찰청,Korean National Police Agency,agencies,청,76.7,11,8.157005479640839,우수,5,100.0
1151,police,agencies,facebook,polinarykorea,2026-05-04 12:00:00+00:00,129318,343,5,39,2026-04-22 12:00:00+00:00,3813.249767653731,44.203500437620605,2.014702983330091,0.00035739961506480686,demo,"{""demo"": true}",경찰청,Korean National Police Agency,agencies,청,53.1,11,3.573996150648069,보통,5,100.0
1149,police,agencies,instagram,koreanpolice,2026-05-04 12:00:00+00:00,27685,245,9,35,2026-04-13 12:00:00+00:00,1034.147939515478,28.0409750322258,10.216350688049308,0.0013818792024661408,demo,"{""demo"": true}",경찰청,Korean National Police Agency,agencies,청,63.9,20,13.818792024661407,보통,5,100.0
1150,police,agencies,x,polinarykorea,2026-05-04 12:00:00+00:00,8407,181,6,23,2026-04-17 12:00:00+00:00,141.8160041672945,59.454699947720265,1.2378343586604093,0.007219285631780739,demo,"{""demo"": true}",경찰청,Korean National Police Agency,agencies,청,52.9,16,72.19285631780738,보통,5,100.0
1148,police,agencies,youtube,@polinarykorea,2026-05-04 12:00:00+00:00,182731,199,10,12,2026-05-03 12:00:00+00:00,1081.502324606578,46.270524869679235,5.66910873545028,0.000284240953123058,demo,"{""demo"": true}",경찰청,Korean National Police Agency,agencies,청,61.4,0,2.8424095312305804,보통,5,100.0
976,pps,agencies,blog,https://blog.naver.com/ppskorea,2026-05-04 12:00:00+00:00,9174,339,5,30,2026-05-03 12:00:00+00:00,3344.8948287577364,13.475189820851249,0.0,0.0014688456312242477,demo,"{""demo"": true}",조달청,Public Procurement Service,agencies,청,57.3,0,14.688456312242476,보통,4,80.0
975,pps,agencies,facebook,ppskorea,2026-05-04 12:00:00+00:00,5059,257,6,33,2026-04-30 12:00:00+00:00,2428.5867259412184,18.908968130195195,0.0,0.003737688897053804,demo,"{""demo"": true}",조달청,Public Procurement Service,agencies,청,60.5,3,37.37688897053804,보통,4,80.0
974,pps,agencies,instagram,korea_pps,2026-05-04 12:00:00+00:00,161805,314,5,27,2026-04-23 12:00:00+00:00,4748.683358382512,20.352959075888023,3.1431956764607065,0.00014521278546613967,demo,"{""demo"": true}",조달청,Public Procurement Service,agencies,청,51.4,10,1.4521278546613967,보통,4,80.0
973,pps,agencies,youtube,@ppskorea,2026-05-04 12:00:00+00:00,163078,159,7,21,2026-04-29 12:00:00+00:00,4852.625032106652,30.12104824280909,5.780201960142238,0.00022014772196710363,demo,"{""demo"": true}",조달청,Public Procurement Service,agencies,청,56.1,4,2.201477219671036,보통,4,80.0
1272,rda,agencies,blog,https://blog.naver.com/rda2448,2026-05-04 12:00:00+00:00,115888,217,5,24,2026-04-21 12:00:00+00:00,226.95832940702644,47.581994585655465,2.643649394088931,0.00043339814285986813,demo,"{""demo"": true}",농촌진흥청,Rural Development Administration,agencies,청,48.8,12,4.3339814285986815,저조,4,80.0
1271,rda,agencies,facebook,rdakorea,2026-05-04 12:00:00+00:00,29022,358,7,38,2026-04-16 12:00:00+00:00,3274.078445289211,20.682375965197707,1.2365666281028274,0.0007552526563744929,demo,"{""demo"": true}",농촌진흥청,Rural Development Administration,agencies,청,58.0,17,7.552526563744929,보통,4,80.0
1270,rda,agencies,instagram,rda_korea,2026-05-04 12:00:00+00:00,65775,158,13,28,2026-04-28 12:00:00+00:00,3184.8841912307366,50.34537277232525,4.387843629039943,0.0008321279574513902,demo,"{""demo"": true}",농촌진흥청,Rural Development Administration,agencies,청,77.3,5,8.321279574513902,우수,4,80.0
1269,rda,agencies,youtube,@rdakorea,2026-05-04 12:00:00+00:00,150253,237,3,27,2026-04-29 12:00:00+00:00,2334.73197004158,38.058373386061966,9.335907751891718,0.0003154298492406387,demo,"{""demo"": true}",농촌진흥청,Rural Development Administration,agencies,청,46.8,4,3.154298492406387,저조,4,80.0
1488,saemangeum,agencies,blog,https://blog.naver.com/sda1991,2026-05-04 12:00:00+00:00,112120,242,9,25,2026-04-18 12:00:00+00:00,4212.0703880958,29.268462952089642,2.0684549900789513,0.0002794944518566589,demo,"{""demo"": true}",새만금개발청,Saemangeum Development and Investment Agency,agencies,청,61.8,15,2.794944518566589,보통,4,80.0
1487,saemangeum,agencies,facebook,saemangeumkorea,2026-05-04 12:00:00+00:00,53850,165,9,18,2026-04-16 12:00:00+00:00,362.32652665035664,20.538158557172746,7.989403610776371,0.0005297597431374024,demo,"{""demo"": true}",새만금개발청,Saemangeum Development and Investment Agency,agencies,청,56.5,17,5.297597431374024,보통,4,80.0
1486,saemangeum,agencies,instagram,saemangeum_official,2026-05-04 12:00:00+00:00,78607,292,8,27,2026-04-30 12:00:00+00:00,4543.559037012688,40.90514565574571,3.7162126146523105,0.0005676512049868081,demo,"{""demo"": true}",새만금개발청,Saemangeum Development and Investment Agency,agencies,청,63.9,3,5.676512049868081,보통,4,80.0
1485,saemangeum,agencies,youtube,@saemangeum,2026-05-04 12:00:00+00:00,51128,240,13,27,2026-04-21 12:00:00+00:00,2360.291511830668,19.286753038311268,5.625553347198718,0.0004872536845859409,demo,"{""demo"": true}",새만금개발청,Saemangeum Development and Investment Agency,agencies,청,74.2,12,4.8725368458594085,보통,4,80.0
1048,spo,agencies,blog,https://blog.naver.com/spogood,2026-05-04 12:00:00+00:00,98502,342,11,51,2026-04-19 12:00:00+00:00,1505.1156697765837,40.27700420215503,4.657593560046079,0.0004561795472396612,demo,"{""demo"": true}",검찰청,Supreme Prosecutors' Office,agencies,청,72.2,14,4.5617954723966125,보통,4,80.0
1047,spo,agencies,facebook,spokorea,2026-05-04 12:00:00+00:00,146011,135,1,20,2026-04-24 12:00:00+00:00,702.6190002122216,63.42801703544584,7.529484482869086,0.00048597366991743723,demo,"{""demo"": true}",검찰청,Supreme Prosecutors' Office,agencies,청,33.9,9,4.8597366991743725,저조,4,80.0
1046,spo,agencies,instagram,spo_korea,2026-05-04 12:00:00+00:00,12059,336,8,31,2026-04-25 12:00:00+00:00,2263.4377593817335,45.24254344093452,7.7314670124051705,0.004392902434143767,demo,"{""demo"": true}",검찰청,Supreme Prosecutors' Office,agencies,청,65.8,8,43.92902434143767,보통,4,80.0
1045,spo,agencies,youtube,@spokorea,2026-05-04 12:00:00+00:00,28431,200,12,38,2026-04-17 12:00:00+00:00,2585.7980632522276,49.73988799938792,0.0,0.0017494948471523308,demo,"{""demo"": true}",검찰청,Supreme Prosecutors' Office,agencies,청,75.4,16,17.49494847152331,우수,4,80.0
200,unikorea,ministries,blog,https://blog.naver.com/gounikorea,2026-05-04 12:00:00+00:00,184071,263,20,31,2026-04-13 12:00:00+00:00,2591.5935834717575,47.55241141709654,4.305272075453735,0.0002817265266801956,demo,"{""demo"": true}",통일부,Ministry of Unification,ministries,부,73.4,20,2.817265266801956,보통,5,100.0
199,unikorea,ministries,facebook,unikoreaMOU,2026-05-04 12:00:00+00:00,124892,356,12,37,2026-04-30 12:00:00+00:00,3543.871273561559,28.927572631632792,2.90017984329533,0.0002548422034632172,demo,"{""demo"": true}",통일부,Ministry of Unification,ministries,부,79.1,3,2.548422034632172,우수,5,100.0
197,unikorea,ministries,instagram,ourunikorea,2026-05-04 12:00:00+00:00,133888,234,14,17,2026-05-02 12:00:00+00:00,3351.6993194296883,30.878002597379034,3.9699493230778167,0.00026027688755121334,demo,"{""demo"": true}",통일부,Ministry of Unification,ministries,부,71.1,1,2.602768875512133,보통,5,100.0
198,unikorea,ministries,x,UniKorea,2026-05-04 12:00:00+00:00,83536,282,10,26,2026-04-30 12:00:00+00:00,3573.286670418164,23.601007781098925,1.3283366482835444,0.00029842636024447506,demo,"{""demo"": true}",통일부,Ministry of Unification,ministries,부,69.8,3,2.9842636024447504,보통,5,100.0
196,unikorea,ministries,youtube,@unikoreatv,2026-05-04 12:00:00+00:00,197758,167,5,19,2026-04-22 12:00:00+00:00,1334.7793463341511,27.732022761404586,8.362766063148534,0.0001825199932470652,demo,"{""demo"": true}",통일부,Ministry of Unification,ministries,부,45.7,11,1.825199932470652,저조,5,100.0
